"Protein","Adjusted_linear_model","linear_modeling_pvalue","adjusted_pvalues","fold_change","coefficient","Target","Entrez","Uniprot"
"Cysteine.rich.protein.1_15529.33","~ Study_group + Prednisone + Methotrexate + Aspirin",3.34761402063154e-09,2.44007585963833e-05,-1.74988935786572,-58173.2539728747,"Cysteine-rich protein 1","1465","P21291"
"NEK7_12703.6","~ Study_group + Age + Prednisone + Methotrexate + Aspirin",1.15126597001034e-08,8.39042638943537e-05,-1.82016667869288,-27474.736893482,"NEK7","140609","Q8TDX7"
"KS6A6_12688.115","~ Study_group + Prednisone + Methotrexate + Aspirin",1.82227250310129e-07,0.0013277077457596,-1.26989662694162,-1987.8771429709,"KS6A6","27330","Q9UK32"
"PKHF2_20994.37","~ Study_group + Age + Prednisone + Methotrexate + Aspirin",4.06181228015124e-07,0.00295862406486216,-1.7528276687943,-7926.30631021539,"PKHF2","79666","Q9H8W4"
"S100A6_13090.17","~ Study_group + Prednisone + Aspirin",9.27316231452365e-07,0.00675364411366758,-0.845404902545157,-1197.01210677699,"S100A6","6277","P06703"
"DEST_18883.4","~ Study_group + Prednisone + Methotrexate + Aspirin",1.73714411438271e-06,0.0126498834409349,-1.19442140511793,-3310.63489025761,"DEST","11034","P60981"
"Glutathione.peroxidase_15591.28","~ Study_group + Age + Prednisone + Aspirin",2.08660597089814e-06,0.0151925780741094,-1.35246878264811,-4559.71532053271,"Glutathione peroxidase","2876","P07203"
"MBNL1_24408.30","~ Study_group + Prednisone + Methotrexate + Aspirin",2.16531116542405e-06,0.0157634652842871,-2.25278488431696,-12262.2367421858,"MBNL1","4154","Q9NR56"
"KS6B1_15608.5","~ Study_group + Prednisone + Methotrexate + Aspirin",2.6122424702807e-06,0.0190145129411732,-0.959561254408916,-697.003387451471,"KS6B1","6198","P23443"
"PYRG1_23705.42","~ Study_group + Prednisone + Methotrexate + Aspirin",2.94245549168778e-06,0.021412248613012,-1.24013872399764,-12509.9420612569,"PYRG1","1503","P17812"
"X6.Phosphogluconate.dehydrogenase_4187.49","~ Study_group + Prednisone + Methotrexate + Aspirin",4.9328667135787e-06,0.035886605341285,-1.8056124725313,-13700.2893923005,"6-Phosphogluconate dehydrogenase","5226","P52209"
"GLRX3_16596.25","~ Study_group + Prednisone + Methotrexate + Aspirin",7.0064414523422e-06,0.0509578486828849,-1.34781850236682,-7992.25542622358,"GLRX3","10539","O76003"
"FAH2A_23389.28","~ Study_group + Prednisone + Aspirin",8.51191812088386e-06,0.0618986685750674,-1.42125293592216,-1477.26273483057,"FAH2A","51011","Q96GK7"
"PP1G_19295.32","~ Study_group + Prednisone + Methotrexate + Aspirin",9.06475373178067e-06,0.0659007596300455,-1.55203269644481,-36093.6524133402,"PP1G","5501","P36873"
"C1TC_12575.30","~ Study_group + Age + Prednisone + Aspirin",1.0160894245636e-05,0.0738493793772825,-0.95374394938303,-7824.66690249351,"C1TC","4522","P11586"
"CX038_24707.6","~ Study_group + Prednisone + Methotrexate + Aspirin",1.18957602926683e-05,0.0864464900468208,-2.56175827075068,-1349.0851816209,"CX038","159013","Q8TB03"
"KPRB_19150.20","~ Study_group + Prednisone + Methotrexate + Aspirin",1.53187637726636e-05,0.111275500044628,-0.978767512448583,-13449.7114384022,"KPRB","5636","O60256"
"LANC2_12628.31","~ Study_group + Age + Prednisone + Methotrexate + Aspirin",1.84599644006842e-05,0.134074721442169,-1.15282984731543,-5270.85551030704,"LANC2","55915","Q9NS86"
"MBNL2_24446.65","~ Study_group + Prednisone + Methotrexate + Aspirin",2.06831169418408e-05,0.150200795231648,-2.30308811951846,-3345.67080909567,"MBNL2","10150","Q5VZF2"
"RPS6KA3_3469.74","~ Study_group + Prednisone + Methotrexate + Aspirin",2.08830683360209e-05,0.151631959187848,-1.38193253158763,-3093.43482447986,"RPS6KA3","6197","P51812"
"AIP_3839.60","~ Study_group + Prednisone + Methotrexate + Aspirin",2.67850064482351e-05,0.194459146814186,-1.24242385027827,-2204.39092504058,"AIP","9049","O00170"
"CIAO1_21178.8","~ Study_group + Prednisone + Methotrexate + Aspirin",3.34983190229876e-05,0.243097301149821,-1.42374096286585,-3637.57770208057,"CIAO1","9391","O76071"
"SRCN1_5488.74","~ Study_group + Age + Prednisone + Methotrexate + Aspirin",3.76885088386858e-05,0.273467820133504,-1.55294071955256,-84729.6744398046,"SRCN1","6714","P12931"
"DCTD_17756.69","~ Study_group + Prednisone + Aspirin",4.19587050354727e-05,0.304368446327319,-1.27607769198112,-3550.77063002364,"DCTD","1635","P32321"
"OSBL1_25266.14","~ Study_group + Prednisone + Methotrexate + Aspirin",4.77641473947708e-05,0.346385596906877,-1.60962335008979,-1438.20765374008,"OSBL1","114876","Q9BXW6"
"VPS25_18189.12","~ Study_group + Prednisone + Aspirin",4.79909643634438e-05,0.347982482599331,-1.1741444541562,-1974.60611150512,"VPS25","84313","Q9BRG1"
"I5P2_12641.3","~ Study_group + Prednisone + Aspirin",5.48046109961579e-05,0.397333429722145,-1.7044594564345,-9014.09313750985,"I5P2","3633","P32019"
"GMEB2_12804.5","~ Study_group + Prednisone + Aspirin",5.62589867635474e-05,0.407821395048955,-0.628464099723199,-198.577340425532,"GMEB2","26205","Q9UKD1"
"WWP1_11307.33","~ Study_group + Prednisone + Methotrexate + Aspirin",5.8168665352207e-05,0.421606486472797,-1.52191267933914,-5566.01332519221,"WWP1","11059","Q9H0M0"
"RNF31_23183.6","~ Study_group + Age + Prednisone + Aspirin",6.42750079123214e-05,0.465800982340593,-1.29775585154409,-1783.46530319014,"RNF31","55072","Q96EP0"
"ARI3A_3875.62","~ Study_group + Age + Prednisone + Aspirin",7.35233588603368e-05,0.532750258302,-0.556591690901865,-193.225257968967,"ARI3A","1820","Q99856"
"UBS3B_12558.3","~ Study_group + Prednisone + Methotrexate + Aspirin",7.58177484996894e-05,0.54929958788025,-1.8078509936786,-47830.0633144153,"UBS3B","84959","Q8TF42"
"PRS6A_23665.35","~ Study_group + Age + Prednisone + Methotrexate + Aspirin",8.74884279859488e-05,0.633503707046256,-0.814548596135606,-1392.56390033306,"PRS6A","5702","P17980"
"SMAD2_10364.6","~ Study_group + Age + Prednisone + Methotrexate + Aspirin",8.92541151207481e-05,0.646199793474217,-1.454234598561,-4785.76931285359,"SMAD2","4087","Q15796"
"SHLB2_18222.34","~ Study_group + Age + Prednisone + Aspirin",9.95580466752324e-05,0.720700699882007,-1.0184777089517,-4111.26613583019,"SHLB2","56904","Q9NR46"
"HSP.60_2682.68","~ Study_group + Prednisone + Methotrexate + Aspirin",9.98885234866776e-05,0.722993132996573,-1.48185534343657,-19512.1607636428,"HSP 60","3329","P10809"
"SNX8_6925.26","~ Study_group + Age + Prednisone + Methotrexate + Aspirin",0.000110699476730076,0.801132113095563,-1.48287236728542,-1661.21757280939,"SNX8","29886","Q9Y5X2"
"RAGP1_25036.10","~ Study_group + Age + Prednisone + Methotrexate + Aspirin",0.000113897393658952,0.823933745728861,-1.15128637604755,-1271.98313036776,"RAGP1","5905","P46060"
"PPM1L_7187.3","~ Study_group + Age + Prednisone + Aspirin",0.000117841502363849,0.852347586597722,-0.648538671766782,-272.194393820813,"PPM1L","151742","Q5SGD2"
"BPNT1_17814.8","~ Study_group + Prednisone + Methotrexate + Aspirin",0.000124042726454882,0.896952954995248,-0.770682802690391,-4350.49453479569,"BPNT1","10380","O95861"
"PKC.B.II_5475.10","~ Study_group + Prednisone + Aspirin",0.000127694031170059,0.923227845359528,-1.21970274933482,-39167.0812805358,"PKC-B-II","5579","P05771"
"PDLI5_23703.8","~ Study_group + Prednisone + Aspirin",0.000134801353576892,0.974478985007353,-0.878670776826868,-16129.7158762805,"PDLI5","10611","Q96HC4"
"LYNB_3381.24","~ Study_group + Age + Prednisone + Methotrexate + Aspirin",0.00013572086317885,0.980990399056727,-1.4167665937623,-29738.9548246251,"LYNB","4067","P07948"
"SHIP_25264.102","~ Study_group + Prednisone + Methotrexate + Aspirin",0.000150710969091885,0.999705357513807,-0.982721683370894,-1064.01289841909,"SHIP","3635","Q92835"
"p60.Src_15433.4","~ Study_group + Prednisone + Aspirin",0.000152747222617689,0.999705357513807,-1.52519998613791,-8660.57554176516,"p60-Src","6714","P12931"
"AAMDC_24216.30","~ Study_group + Prednisone + Aspirin",0.000160395106629658,0.999705357513807,-0.849487507971184,-827.124030338849,"AAMDC","28971","Q9H7C9"
"Tenascin_2728.62","~ Study_group",0.000162998039994629,0.999705357513807,-0.290089616738393,-210.641407407408,"Tenascin","3371","P24821"
"CD38_7174.15","~ Study_group + Age + Prednisone + Aspirin",0.000164114349738349,0.999705357513807,-0.170865529751279,-72.9092180580959,"CD38","952","P28907"
"Activin.AB_4383.97","~ Study_group + Prednisone + Methotrexate + Aspirin",0.000174809855721644,0.999705357513807,-0.312844089358662,-129.642051446831,"Activin AB","3624|3625","P08476|P09529"
"AGAP2_14291.53","~ Study_group + Prednisone + Methotrexate + Aspirin",0.00017905496034284,0.999705357513807,-1.53595438141629,-864.185213147411,"AGAP2","116986","Q99490"
"HSP.40_3852.19","~ Study_group + Prednisone + Methotrexate + Aspirin",0.000179512094597029,0.999705357513807,-1.28694860862261,-1282.36403916391,"HSP 40","3337","P25685"
"STAT3_10346.5","~ Study_group + Prednisone + Methotrexate + Aspirin",0.000186672743830088,0.999705357513807,-1.14294912176103,-16427.9222020628,"STAT3","6774","P40763"
"BAG.1_17195.43","~ Study_group + Prednisone + Aspirin",0.000189717721777397,0.999705357513807,-0.742451928408272,-598.182197793539,"BAG-1","573","Q99933"
"HDAC2_18897.31","~ Study_group + Age + Prednisone + Methotrexate + Aspirin",0.000190408786500645,0.999705357513807,-0.774933429287694,-1425.92948240845,"HDAC2","3066","Q92769"
"X5NT3_19615.213","~ Study_group + Prednisone + Aspirin",0.000213915079812,0.999705357513807,-0.985696411894445,-607.060657210401,"5NT3","51251","Q9H0P0"
"PCAF_12368.18","~ Study_group",0.000218143034134552,0.999705357513807,-0.142998602764285,-42.435037037037,"PCAF","8850","Q92831"
"RPAB4_19134.66","~ Study_group + Age + Prednisone + Aspirin",0.000218547216269723,0.999705357513807,-0.755446059238757,-2679.74273896955,"RPAB4","5440","P53803"
"GCNL2_19797.4","~ Study_group + Prednisone + Aspirin",0.000223688287446017,0.999705357513807,-1.16318942760729,-1623.41474428684,"GCNL2","2648","Q92830"
"KPCT_3817.18","~ Study_group + Prednisone + Methotrexate + Aspirin",0.00022810025387804,0.999705357513807,-1.47837301634018,-2590.29491196135,"KPCT","5588","Q04759"
"PRAF3_13503.19","~ Study_group + Prednisone + Methotrexate + Aspirin",0.000242910078017493,0.999705357513807,-1.43401320374014,-14265.9988148352,"PRAF3","10550","O75915"
"PSMG3_12729.12","~ Study_group + Age + Prednisone + Aspirin",0.000246136564389311,0.999705357513807,-0.739960097400884,-704.493956127359,"PSMG3","84262","Q9BT73"
"TIPRL_23387.18","~ Study_group + Prednisone + Aspirin",0.000252429335237271,0.999705357513807,-0.500806514643603,-8961.37367297084,"TIPRL","261726","O75663"
"DJC17_14655.1","~ Study_group + Prednisone + Aspirin",0.000259857836777821,0.999705357513807,-0.722067635450204,-348.694514578408,"DJC17","55192","Q9NVM6"
"Alpha.1.syntrophin_19274.80","~ Study_group + Age + Prednisone + Aspirin",0.000265016420027299,0.999705357513807,-1.38768764286278,-8203.9852710409,"Alpha-1-syntrophin","6640","Q13424"
"HDHD2_13472.35","~ Study_group + Age + Prednisone + Methotrexate + Aspirin",0.000266991974159964,0.999705357513807,-1.19922384447119,-3369.78483676868,"HDHD2","84064","Q9H0R4"
"GSH0_18214.2","~ Study_group + Age + Prednisone + Methotrexate + Aspirin",0.000272766500715987,0.999705357513807,-1.09975772895183,-2214.17691512813,"GSH0","2730","P48507"
"ALG2_23654.6","~ Study_group + Prednisone",0.000273071332399833,0.999705357513807,-0.682488349321311,-810.228061728394,"ALG2","85365","Q9H553"
"UB2Q1_21727.15","~ Study_group + Prednisone + Aspirin",0.00027868132022932,0.999705357513807,-1.25525472170831,-2769.56215602837,"UB2Q1","55585","Q7Z7E8"
"SYMC_24425.8","~ Study_group + Prednisone + Aspirin",0.000279043591384129,0.999705357513807,-1.39684374044243,-14171.3578802206,"SYMC","4141","P56192"
"KPRA_9478.69","~ Study_group + Age + Prednisone + Aspirin",0.000281596657346182,0.999705357513807,-0.602086212392365,-452.203357194169,"KPRA","5635","Q14558"
"UB2L3_3874.8","~ Study_group + Age + Prednisone + Aspirin",0.000288735363838957,0.999705357513807,-0.599392406420934,-780.790174580997,"UB2L3","7332","P68036"
"MAPK2_3820.68","~ Study_group + Prednisone + Aspirin",0.000296943873307085,0.999705357513807,-1.18095694621611,-3823.72869779353,"MAPK2","9261","P49137"
"TTC9A_24474.12","~ Study_group + Prednisone + Aspirin",0.000305118118942002,0.999705357513807,-1.52791361972419,-1751.71564933018,"TTC9A","23508","Q92623"
"VAV_5275.28","~ Study_group + Age + Prednisone + Methotrexate + Aspirin",0.000310737803630019,0.999705357513807,-1.60008363485538,-7079.91619759463,"VAV","7409","P15498"
"LANC1_13986.6","~ Study_group + Age + Prednisone + Aspirin",0.000314410952231845,0.999705357513807,-1.11630799703447,-1217.45737092156,"LANC1","10314","O43813"
"M2.PK_4240.31","~ Study_group + Prednisone + Methotrexate + Aspirin",0.000332460050118569,0.999705357513807,-1.45468967609116,-27909.6048389685,"M2-PK","5315","P14618"
"JAM.C_2998.53","~ Study_group + Age + Prednisone + Aspirin",0.000335321221773917,0.999705357513807,-0.600655893150857,-1035.49404199379,"JAM-C","83700","Q9BX67"
"AGO3_15323.112","~ Study_group + Prednisone + Methotrexate + Aspirin",0.000339247958390275,0.999705357513807,-0.752446103967884,-773.200897589718,"AGO3","192669","Q9H9G7"
"SYDC_12675.14","~ Study_group + Prednisone + Aspirin",0.000350340840687078,0.999705357513807,-1.18903984503338,-38685.7406201733,"SYDC","1615","P14868"
"ATG4A_21436.56","~ Study_group + Age + Prednisone + Aspirin",0.00035052930304582,0.999705357513807,-0.673990094928296,-297.753273586102,"ATG4A","115201","Q8WYN0"
"KLC1_12656.1","~ Study_group + Age + Prednisone + Methotrexate + Aspirin",0.000353744883787593,0.999705357513807,-1.991951078115,-3430.53848575056,"KLC1","3831","Q07866"
"PURB_18300.39","~ Study_group + Age + Prednisone + Aspirin",0.000381204830442534,0.999705357513807,-0.996958592104866,-5543.72505632325,"PURB","5814","Q96QR8"
"DNJB6_11606.22","~ Study_group + Age + Prednisone + Aspirin",0.000383488839882524,0.999705357513807,-0.57744897863644,-338.756849366115,"DNJB6","10049","O75190"
"PLPP_3897.61","~ Study_group + Age + Prednisone + Aspirin",0.000401532750589099,0.999705357513807,-0.98426781409868,-2155.03424024122,"PLPP","57026","Q96GD0"
"RBG1L_25286.33","~ Study_group + Age + Prednisone + Methotrexate + Aspirin",0.000403395795549774,0.999705357513807,-0.781468108865062,-2519.9662784771,"RBG1L","9910","Q5R372"
"DEST_22958.6","~ Study_group + Age + Prednisone + Aspirin",0.0004048954987145,0.999705357513807,-1.23617309884948,-5048.62897825282,"DEST","11034","P60981"
"IFN.g_2989.17","~ Study_group + Age + Prednisone + Aspirin",0.000416253015353165,0.999705357513807,-0.656308342987524,-645.528587023096,"IFN-g","3458","P01579"
"NAGK_3894.15","~ Study_group + Prednisone + Methotrexate + Aspirin",0.000417980815083634,0.999705357513807,-0.617786461575666,-519.939411734925,"NAGK","55577","Q9UJ70"
"Cofilin.1_4203.50","~ Study_group + Prednisone",0.000418960082449581,0.999705357513807,-0.608939222625099,-727.936672839507,"Cofilin-1","1072","P23528"
"ADDB_24468.36","~ Study_group + Prednisone + Aspirin",0.00043433116445596,0.999705357513807,-0.972593207877127,-1266.41667336485,"ADDB","119","P35612"
"CDK2_21128.2","~ Study_group + Age + Prednisone + Aspirin",0.000453680804197691,0.999705357513807,-0.774068211257459,-2187.40434580555,"CDK2","1017","P24941"
"ARL8A_23281.29","~ Study_group + Prednisone + Methotrexate + Aspirin",0.000457201334292991,0.999705357513807,-1.5939403648902,-24749.2706728285,"ARL8A","127829","Q96BM9"
"KS6B1_11817.1","~ Study_group + Age + Prednisone + Aspirin",0.000471178841885706,0.999705357513807,-1.15866756646835,-1041.29433004696,"KS6B1","6198","P23443"
"SNX27_24945.16","~ Study_group + Age + Prednisone",0.000479189119897886,0.999705357513807,-0.739179144846084,-1037.29482853039,"SNX27","81609","Q96L92"
"SNTB1_9078.207","~ Study_group + Age + Prednisone + Aspirin",0.000480378043969451,0.999705357513807,-1.07425613098267,-7123.57515813208,"SNTB1","6641","Q13884"
"SYNC_21383.37","~ Study_group + Prednisone + Aspirin",0.000485974658117537,0.999705357513807,-1.09515141107743,-17470.1469275019,"SYNC","4677","O43776"
"ARHL2_17332.3","~ Study_group + Age + Prednisone + Aspirin",0.000512347445688355,0.999705357513807,-0.487580383118763,-3180.79275255252,"ARHL2","54936","Q9NX46"
"EF.1.beta_5882.34","~ Study_group + Age + Prednisone + Aspirin",0.000526051018178221,0.999705357513807,-0.731100913269156,-170.700408770142,"EF-1-beta","1933","P24534"
"RABE1_24417.22","~ Study_group + Prednisone + Methotrexate + Aspirin",0.00055630226264582,0.999705357513807,-1.20891383197904,-3184.09237268041,"RABE1","9135","Q15276"
"PI42A_12697.30","~ Study_group + Age + Prednisone + Aspirin",0.000569678459932229,0.999705357513807,-1.10722985608188,-8523.52192454433,"PI42A","5305","P48426"
"DOK1_16831.7","~ Study_group + Prednisone + Methotrexate + Aspirin",0.000571039131313686,0.999705357513807,-0.988363938934049,-1635.98813397241,"DOK1","1796","Q99704"
"CN37_6609.22","~ Study_group + Age + Prednisone + Methotrexate + Aspirin",0.000576119281033368,0.999705357513807,-0.974593839117278,-2619.06184358699,"CN37","1267","P09543"
"LMBL2_12708.91","~ Study_group + Age + Prednisone + Aspirin",0.000600476535696349,0.999705357513807,-0.647794531991786,-543.979120762838,"LMBL2","83746","Q969R5"
"RAB21_17514.48","~ Study_group + Age + Prednisone + Aspirin",0.00060870306483153,0.999705357513807,-1.0041226176171,-21786.1363899286,"RAB21","23011","Q9UL25"
"OXSR1_20116.30","~ Study_group + Age + Prednisone + Aspirin",0.000621062274686652,0.999705357513807,-0.988426644837531,-1488.07247734613,"OXSR1","9943","O95747"
"LYN_3453.87","~ Study_group + Age + Prednisone + Methotrexate + Aspirin",0.000623298374678559,0.999705357513807,-1.54552995202208,-10432.1916908911,"LYN","4067","P07948"
"IFN.lambda.1_4396.54","~ Study_group + Prednisone + Methotrexate + Aspirin",0.000630400798411828,0.999705357513807,-0.540981217234019,-89.01155681743,"IFN-lambda 1","282618","Q8IU54"
"AREG_2970.60","~ Study_group + Age + Prednisone + Aspirin",0.000659242157717001,0.999705357513807,-0.719288095225886,-954.331541893802,"AREG","374","P15514"
"UBP4_21763.46","~ Study_group + Prednisone + Methotrexate + Aspirin",0.000660057480299019,0.999705357513807,-1.45861911641237,-3069.46512583383,"UBP4","7375","Q13107"
"STAT3_10354.57","~ Study_group + Prednisone + Methotrexate + Aspirin",0.000682196964446007,0.999705357513807,-0.979978792948408,-3666.58693984216,"STAT3","6774","P40763"
"ERAB_4217.49","~ Study_group + Prednisone + Methotrexate + Aspirin",0.000686080955145341,0.999705357513807,-1.55461972798303,-8021.33884128873,"ERAB","3028","Q99714"
"ATX3_16825.20","~ Study_group + Age + Prednisone + Aspirin",0.00069040102464061,0.999705357513807,-0.628303223488033,-1771.47048785189,"ATX3","4287","P54252"
"SHP.2_11830.48","~ Study_group + Age + Prednisone + Aspirin",0.000721361251735418,0.999705357513807,-0.932637316734623,-13824.6671894525,"SHP-2","5781","Q06124"
"NCOA7_25299.11","~ Study_group + Prednisone + Aspirin",0.000740795497947839,0.999705357513807,-0.958191199675906,-2271.15574389283,"NCOA7","135112","Q8NI08"
"PI42B_18232.42","~ Study_group + Age + Prednisone + Aspirin",0.000757031201308,0.999705357513807,-0.905557867201449,-11506.0200303023,"PI42B","8396","P78356"
"AMPD2_18403.25","~ Study_group + Prednisone + Methotrexate + Aspirin",0.000762030509686439,0.999705357513807,-1.69016912513534,-2385.34816073128,"AMPD2","271","Q01433"
"THIC_17341.89","~ Study_group + Prednisone + Aspirin",0.000767103035131711,0.999705357513807,-1.40118627911298,-4727.86888534279,"THIC","39","Q9BWD1"
"MAPKAPK3_3822.54","~ Study_group + Age + Prednisone + Aspirin",0.000770669813414166,0.999705357513807,-1.06910868535721,-15657.7682221132,"MAPKAPK3","7867","Q16644"
"HPRT_19290.5","~ Study_group + Age + Prednisone + Aspirin",0.000780232542013541,0.999705357513807,-0.52221498457567,-701.470719142642,"HPRT","3251","P00492"
"IDH3G_19275.68","~ Study_group + Prednisone + Aspirin",0.000782713171701751,0.999705357513807,-0.915772424312484,-2775.64701182033,"IDH3G","3421","P51553"
"UN45A_11712.207","~ Study_group + Prednisone + Aspirin",0.000798272206851094,0.999705357513807,-1.28182116778403,-670.05619464145,"UN45A","55898","Q9H3U1"
"PCBP3_24470.20","~ Study_group + Prednisone + Methotrexate + Aspirin",0.000807178239442324,0.999705357513807,-1.03905556742291,-787.058143701059,"PCBP3","54039","P57721"
"DOK2_19578.19","~ Study_group + Prednisone + Aspirin",0.000827871385668649,0.999705357513807,-1.26205226351431,-25562.766178093,"DOK2","9046","O60496"
"SCO2_16851.50","~ Study_group + Prednisone + Aspirin",0.000840610919279311,0.999705357513807,-1.18182037167894,-515.018943262411,"SCO2","9997","O43819"
"IL.2.sRg_2634.2","~ Study_group + Age + Prednisone + Aspirin",0.000849619546865353,0.999705357513807,-0.841607183747551,-1842.15075008104,"IL-2 sRg","3561","P31785"
"LASP.1_21862.145","~ Study_group + Prednisone + Aspirin",0.000850316769492559,0.999705357513807,-1.01617019976113,-11505.3096359338,"LASP-1","3927","Q14847"
"ADHX_11369.23","~ Study_group + Age + Prednisone + Aspirin",0.000854877981573753,0.999705357513807,-0.764955591403396,-6252.81116272657,"ADHX","128","P11766"
"PTRD1_20386.15","~ Study_group + Age + Prednisone + Aspirin",0.000859555635120122,0.999705357513807,-1.24144937342858,-1664.97966591125,"PTRD1","391356","Q6GMV3"
"HGS_13644.30","~ Study_group + Prednisone + Methotrexate + Aspirin",0.000873555367775994,0.999705357513807,-1.54787512885844,-6273.87307182509,"HGS","9146","O14964"
"GSTK1_13474.40","~ Study_group + Prednisone + Methotrexate + Aspirin",0.00087864646651056,0.999705357513807,-1.25001148813197,-6146.62047413412,"GSTK1","373156","Q9Y2Q3"
"GPV_7185.29","~ Study_group + Age + Prednisone",0.000883012343626303,0.999705357513807,-0.465777624271245,-11009.2283954257,"GPV","2814","P40197"
"RILP_24244.81","~ Study_group + Prednisone + Aspirin",0.000906596822682061,0.999705357513807,-0.813790618175235,-2071.92210480694,"RILP","83547","Q96NA2"
"PRDC1_20950.159","~ Study_group + Prednisone + Aspirin",0.000934707275254992,0.999705357513807,-1.23770402324224,-15236.5688770686,"PRDC1","56952","Q9NRG1"
"PKC.A_2644.11","~ Study_group + Age + Prednisone + Aspirin",0.000946553713213089,0.999705357513807,-1.22543380511316,-19337.244337385,"PKC-A","5578","P17252"
"CMIP_25100.11","~ Study_group + Prednisone + Methotrexate + Aspirin",0.000956258693060975,0.999705357513807,-1.12310541396753,-1995.99347306814,"CMIP","80790","Q8IY22"
"RA51D_12554.10","~ Study_group + Prednisone",0.000964065845499515,0.999705357513807,-0.58529799640125,-504.352802469136,"RA51D","5892","O75771"
"PURA_12537.88","~ Study_group + Prednisone + Aspirin",0.000964782479624683,0.999705357513807,-0.718262194180286,-1344.29466587864,"PURA","5813","Q00577"
"CSNK1G2_17436.193","~ Study_group + Prednisone + Methotrexate + Aspirin",0.000966868293624081,0.999705357513807,-1.3478038763811,-1005.29036485985,"CSNK1G2","1455","P78368"
"FAF2_9738.7","~ Study_group + Prednisone + Aspirin",0.000989880324289152,0.999705357513807,-1.48264848214184,-8358.0151323877,"FAF2","23197","Q96CS3"
"WDR26_24912.40","~ Study_group + Prednisone + Aspirin",0.000993891065833974,0.999705357513807,-0.297648747082036,-116.577201733648,"WDR26","80232","Q9H7D7"
"IP6K1_22404.4","~ Study_group + Prednisone + Methotrexate + Aspirin",0.00101321294579644,0.999705357513807,-1.12739680402319,-668.008998476083,"IP6K1","9807","Q92551"
"UN45A_13082.9","~ Study_group + Prednisone + Aspirin",0.00102334606657194,0.999705357513807,-1.39202196524266,-6451.20156619385,"UN45A","55898","Q9H3U1"
"MP2K5_22041.26","~ Study_group + Prednisone + Methotrexate + Aspirin",0.00103722617007441,0.999705357513807,-1.12856563694021,-18252.0195625009,"MP2K5","5607","Q13163"
"SLBP_24648.8","~ Study_group + Prednisone + Aspirin",0.00105269441280674,0.999705357513807,-0.798112283596219,-404.582050039401,"SLBP","7884","Q14493"
"ITBP2_21985.61","~ Study_group + Prednisone + Aspirin",0.00107448087281561,0.999705357513807,-0.974956294392318,-1895.15183530339,"ITBP2","26548","Q9UKP3"
"ULA1..UBA3_21939.6","~ Study_group + Age + Prednisone + Aspirin",0.00109733640474954,0.999705357513807,-0.697884751278002,-2988.68629187747,"ULA1/ UBA3","8883|9039","Q13564|Q8TBC4"
"ERN1_11229.16","~ Study_group + Prednisone + Aspirin",0.00111147818527806,0.999705357513807,-0.533097931512917,-614.564364066197,"ERN1","2081","O75460"
"AP4A_16583.8","~ Study_group + Prednisone + Aspirin",0.00112005229628508,0.999705357513807,-1.13754417393728,-5156.60451221434,"AP4A","318","P50583"
"MRE11_11319.106","~ Study_group + Age + Prednisone + Methotrexate + Aspirin",0.00113533968922855,0.999705357513807,-0.345534205346657,-232.79043441658,"MRE11","4361","P49959"
"BIEA_11382.5","~ Study_group + Age + Prednisone + Aspirin",0.00114304137591275,0.999705357513807,-0.7549508558471,-2183.66915150514,"BIEA","644","P53004"
"CUL3_10045.47","~ Study_group + Age + Prednisone + Aspirin",0.00114715970917965,0.999705357513807,-0.70725163783069,-447.076766469371,"CUL3","8452","Q13618"
"Nucleoside.diphosphate.kinase.A_5909.51","~ Study_group + Prednisone",0.00114844749452269,0.999705357513807,-0.724706282763253,-1601.61058024691,"Nucleoside diphosphate kinase A","4830","P15531"
"SMAD4_12022.12","~ Study_group + Prednisone + Aspirin",0.00115520851366665,0.999705357513807,-0.870620409066244,-301.856317178881,"SMAD4","4089","Q13485"
"RTCA_21369.15","~ Study_group + Age + Prednisone + Aspirin",0.00116803346955907,0.999705357513807,-0.740492641165793,-9521.84189691883,"RTCA","8634","O00442"
"EPO.R_2715.25","~ Study_group + Age + Prednisone + Aspirin",0.00117837542864454,0.999705357513807,-0.413618928177631,-122.87524875616,"EPO-R","2057","P19235"
"TATD1_20376.64","~ Study_group + Age + Prednisone + Aspirin",0.00118366491863304,0.999705357513807,-0.642553179570983,-1492.8840848078,"TATD1","83940","Q6P1N9"
"BIN2_21540.73","~ Study_group + Prednisone + Methotrexate + Aspirin",0.0011863380408224,0.999705357513807,-1.13307205516747,-45211.5296291565,"BIN2","51411","Q9UBW5"
"KTI12_23526.25","~ Study_group + Prednisone",0.00118679910924562,0.999705357513807,-1.17037695994844,-722.651160493828,"KTI12","112970","Q96EK9"
"GRL1A_23398.1","~ Study_group + Prednisone + Methotrexate + Aspirin",0.00120348795728988,0.999705357513807,-1.06544562029269,-1034.12245307913,"GRL1A","81488","P0CAP2"
"BRAF1_15669.7","~ Study_group + Prednisone",0.00120635275324825,0.999705357513807,-0.365098829380127,-397.642555555557,"BRAF1","673","P15056"
"PKB.gamma_3392.68","~ Study_group + Prednisone + Methotrexate + Aspirin",0.00120684851225789,0.999705357513807,-0.843026801667629,-25850.2254982166,"PKB gamma","10000","Q9Y243"
"HMHA1_13544.9","~ Study_group + Prednisone + Methotrexate + Aspirin",0.00122067466989737,0.999705357513807,-1.29254838296856,-25301.4744561422,"HMHA1","23526","Q92619"
"Calcineurin_4903.72","~ Study_group + Age + Prednisone + Aspirin",0.00122124298928601,0.999705357513807,-0.915269123446719,-13542.1622841048,"Calcineurin","5530|5534","Q08209|P63098"
"TACO1_9257.14","~ Study_group + Prednisone + Methotrexate + Aspirin",0.00124246943329494,0.999705357513807,-1.42013579804656,-2556.93432326378,"TACO1","51204","Q9BSH4"
"CAZA1_11449.22","~ Study_group + Prednisone + Aspirin",0.00124995683082785,0.999705357513807,-0.994955988964582,-7440.39865602837,"CAZA1","829","P52907"
"SE6L2_3867.49","~ Study_group + Prednisone",0.00127124809206073,0.999705357513807,-0.693968905331972,-615.533462962963,"SE6L2","26470","Q6UXD5"
"ACE2_2805.6","~ Study_group + Prednisone + Aspirin",0.00127153097277136,0.999705357513807,-0.315602986113147,-71.9066836091413,"ACE2","59272","Q9BYF1"
"CTGF_2975.19","~ Study_group + Prednisone + Aspirin",0.00127983331846943,0.999705357513807,-0.410320876939264,-352.233409771471,"CTGF","1490","P29279"
"S100A4_9750.7","~ Study_group + Prednisone + Methotrexate + Aspirin",0.0012822684717125,0.999705357513807,-0.603619274718696,-399.22459997812,"S100A4","6275","P26447"
"EHD3_25232.4","~ Study_group + Prednisone + Methotrexate + Aspirin",0.00128698622782325,0.999705357513807,-1.19809190667654,-20203.2078886599,"EHD3","30845","Q9NZN3"
"CG045_8298.8","~ Study_group + Prednisone + Aspirin",0.00129765101361913,0.999705357513807,-1.04191834117989,-3030.84867572892,"CG045","136263","Q8WWF3"
"EF1D_17826.341","~ Study_group + Prednisone + Methotrexate + Aspirin",0.00132161309645774,0.999705357513807,-0.962857287705256,-20160.429325009,"EF1D","1936","P29692"
"PCBP1_11458.30","~ Study_group + Prednisone + Aspirin",0.00133851315321534,0.999705357513807,-0.73766347445948,-19763.6080795902,"PCBP1","5093","Q15365"
"UBA7_21933.7","~ Study_group + Prednisone + Aspirin",0.00135062319144325,0.999705357513807,-1.05026408565606,-47975.1204862096,"UBA7","7318","P41226"
"PAPS1_14007.22","~ Study_group + Age + Prednisone + Aspirin",0.0013771418502296,0.999705357513807,-0.777457711234548,-773.857670570117,"PAPS1","9061","O43252"
"AMPK.a2b2g1_5245.40","~ Study_group + Prednisone + Methotrexate + Aspirin",0.00137917941718412,0.999705357513807,-1.50623386640436,-4475.90306112459,"AMPK a2b2g1","5563|5565|5571","P54646|O43741|P54619"
"PDC6I_18174.79","~ Study_group + Age + Prednisone + Aspirin",0.00139451426566395,0.999705357513807,-1.01620887060552,-1935.31993016632,"PDC6I","10015","Q8WUM4"
"ZFAN1_19173.5","~ Study_group + Age + Prednisone + Aspirin",0.00141321065196471,0.999705357513807,-0.964562812024868,-19512.4225579776,"ZFAN1","79752","Q8TCF1"
"PDE5A_5256.86","~ Study_group + Prednisone + Aspirin",0.00143784754995696,0.999705357513807,-1.22522777667931,-12204.7153274232,"PDE5A","8654","O76074"
"SMAD5_21478.20","~ Study_group + Prednisone + Aspirin",0.0014662624825577,0.999705357513807,-1.08514947594027,-5332.46678762806,"SMAD5","4090","Q99717"
"STAT1_12351.25","~ Study_group + Prednisone + Methotrexate + Aspirin",0.0014805686251086,0.999705357513807,-0.800635995131891,-19072.6149709107,"STAT1","6772","P42224"
"PKB.beta_5360.9","~ Study_group + Age + Prednisone + Aspirin",0.00149532212792335,0.999705357513807,-0.980216601641799,-5612.0581535545,"PKB beta","208","P31751"
"DUS28_9940.35","~ Study_group + Age + Prednisone + Aspirin",0.00151696333077568,0.999705357513807,-1.3085019299599,-2013.07807318564,"DUS28","285193","Q4G0W2"
"PAFAH.beta.subunit_2642.4","~ Study_group + Prednisone + Aspirin",0.0015176559270513,0.999705357513807,-0.639371500940073,-953.665651300236,"PAFAH beta subunit","5049","P68402"
"SNAG_17773.26","~ Study_group + Prednisone + Aspirin",0.00154445064665328,0.999705357513807,-1.02354881208585,-2981.23865405832,"SNAG","8774","Q99747"
"MITD1_23266.62","~ Study_group + Age + Prednisone + Aspirin",0.00156570756827769,0.999705357513807,-1.27614538822499,-1560.05431924066,"MITD1","129531","Q8WV92"
"SMAD3_10363.13","~ Study_group + Age + Prednisone + Methotrexate + Aspirin",0.00157267831238368,0.999705357513807,-0.751448808168792,-2999.91362212172,"SMAD3","4088","P84022"
"ANXA7_18244.1","~ Study_group + Age + Prednisone + Aspirin",0.0015854385230689,0.999705357513807,-0.797823981609321,-40917.5197020647,"ANXA7","310","P20073"
"CHMP6_21160.4","~ Study_group",0.00158861412046913,0.999705357513807,-0.453875298533519,-1063.53311111111,"CHMP6","79643","Q96FZ7"
"ILK1_10053.5","~ Study_group + Prednisone + Aspirin",0.00159566185839683,0.999705357513807,-1.16580640441877,-10594.2722466509,"ILK1","3611","Q13418"
"EHD1_24235.2","~ Study_group + Prednisone + Aspirin",0.00161362810066582,0.999705357513807,-1.03696697959805,-13250.2488628842,"EHD1","10938","Q9H4M9"
"Vasoactive.Intestinal.Peptide_3522.57","~ Study_group + Age + Prednisone + Aspirin",0.00162520182950581,0.999705357513807,-0.50564445576411,-82.5433360477553,"Vasoactive Intestinal Peptide","7432","P01282"
"HEXI2_14205.6","~ Study_group + Prednisone + Methotrexate + Aspirin",0.00162741089897452,0.999705357513807,-0.902777623044094,-406.193058030967,"HEXI2","124790","Q96MH2"
"ODPX_18319.7","~ Study_group + Prednisone + Methotrexate + Aspirin",0.0016486768872756,0.999705357513807,-1.34043576517909,-2209.50810994591,"ODPX","8050","O00330"
"ARH_18183.3","~ Study_group + Prednisone + Aspirin",0.0016937009721546,0.999705357513807,-1.26587603403441,-24203.9884609929,"ARH","26119","Q5SW96"
"PGP_18235.16","~ Study_group + Prednisone + Aspirin",0.00170118549166345,0.999705357513807,-0.609080823322089,-627.187386524822,"PGP","283871","A6NDG6"
"SNAA_4292.5","~ Study_group + Age + Prednisone + Aspirin",0.00175707393295259,0.999705357513807,-1.07770087582879,-5705.90464765721,"SNAA","8775","P54920"
"SARG_24950.21","~ Study_group + Prednisone + Aspirin",0.00176290699598962,0.999705357513807,-1.2645961560646,-3093.77639440504,"SARG","79098","Q9BW04"
"SBDS_3866.7","~ Study_group + Age + Prednisone + Aspirin",0.00177436515801923,0.999705357513807,-0.719452815665341,-1917.33242191473,"SBDS","51119","Q9Y3A5"
"METAP1_3210.1","~ Study_group + Prednisone + Aspirin",0.00183435519863514,0.999705357513807,-1.55958850904088,-2707.33006540583,"METAP1","23173","P53582"
"FLRT1_4547.59","~ Study_group + Age",0.0018582933925052,0.999705357513807,-0.152385232584725,-109.098183083194,"FLRT1","23769","Q9NZU1"
"PROSC_20439.14","~ Study_group + Age + Prednisone + Aspirin",0.00186724585775552,0.999705357513807,-0.636732966940723,-9890.01216324774,"PROSC","11212","O94903"
"CBL_12016.60","~ Study_group + Prednisone + Methotrexate + Aspirin",0.00187739445305787,0.999705357513807,-1.01732107892195,-10614.8286841701,"CBL","867","P22681"
"ACTN1_9843.5","~ Study_group + Age + Prednisone + Aspirin",0.00187853851936496,0.999705357513807,-1.30124622041196,-8745.44583871649,"ACTN1","87","P12814"
"RCD1_8975.26","~ Study_group + Prednisone + Methotrexate + Aspirin",0.0018837135508619,0.999705357513807,-1.44365728240994,-2801.51137404914,"RCD1","9125","Q92600"
"GAPDH..liver_3848.14","~ Study_group + Prednisone + Methotrexate + Aspirin",0.00189508431653266,0.999705357513807,-1.47414247539368,-5636.69177733001,"GAPDH, liver","2597","P04406"
"SH3G2_12499.108","~ Study_group + Prednisone + Aspirin",0.00192669382869174,0.999705357513807,-1.1826411776249,-16089.13042632,"SH3G2","6456","Q99962"
"KC1G1_20130.144","~ Study_group + Prednisone + Methotrexate + Aspirin",0.00194868589581369,0.999705357513807,-1.49924427058477,-4084.40409074303,"KC1G1","53944","Q9HCP0"
"ULBP.3_2747.3","~ Study_group + Age + Prednisone + Aspirin",0.00196133657992623,0.999705357513807,-0.482165439479866,-257.488763526689,"ULBP-3","79465","Q9BZM4"
"c.Raf_10001.7","~ Study_group + Prednisone + Methotrexate + Aspirin",0.00196558127935224,0.999705357513807,-0.937797028435879,-301.481364353569,"c-Raf","5894","P04049"
"PHS2_6899.37","~ Study_group + Prednisone",0.00202663871757189,0.999705357513807,-0.780966403091376,-1404.44101234568,"PHS2","84105","Q9H0N5"
"KPCI_3379.29","~ Study_group + Prednisone + Aspirin",0.00208417477762812,0.999705357513807,-1.06711010344646,-866.843995665877,"KPCI","5584","P41743"
"GTPB9_12659.13","~ Study_group + Age + Prednisone + Aspirin",0.00209391281805578,0.999705357513807,-0.861191384777285,-2190.43580381313,"GTPB9","29789","Q9NTK5"
"EIF3J_13497.34","~ Study_group + Age + Prednisone + Aspirin",0.00210825236010026,0.999705357513807,-0.902520100099017,-2464.3867860695,"EIF3J","8669","O75822"
"CD40.ligand..soluble_3534.14","~ Study_group + Prednisone + Aspirin",0.00210963886089709,0.999705357513807,-0.512420131558713,-112.78816390859,"CD40 ligand, soluble","959","P29965"
"SCOT_25043.74","~ Study_group + Prednisone + Aspirin",0.00212312269245528,0.999705357513807,-1.07070102729893,-8842.61130338849,"SCOT","5019","P55809"
"RIPK2_8970.9","~ Study_group + Prednisone + Methotrexate + Aspirin",0.00212317172390823,0.999705357513807,-0.448169988174226,-263.475530307887,"RIPK2","8767","O43353"
"ACADV_19262.219","~ Study_group + Prednisone + Methotrexate + Aspirin",0.00212680057225731,0.999705357513807,-1.43358386694118,-9892.46915581098,"ACADV","37","P49748"
"Dynamin_24435.1","~ Study_group + Age + Prednisone + Aspirin",0.00216865297075666,0.999705357513807,-1.17987154509564,-15378.4678790716,"Dynamin","1759","Q05193"
"EIF1B_12701.1","~ Study_group + Prednisone + Methotrexate + Aspirin",0.00218304411732294,0.999705357513807,-1.18386151196151,-7295.72957948538,"EIF1B","10289","O60739"
"IMA7_13969.24","~ Study_group + Age + Prednisone + Aspirin",0.00220813566691138,0.999705357513807,-0.970789846868882,-3729.15627557471,"IMA7","23633","O60684"
"TTPAL_24687.18","~ Study_group + Age + Prednisone + Aspirin",0.00223295037055341,0.999705357513807,-0.972513296095685,-1542.95499874935,"TTPAL","79183","Q9BTX7"
"EF.1.alpha.1_25256.23","~ Study_group + Prednisone + Methotrexate + Aspirin",0.00223851913729359,0.999705357513807,-1.12296642034896,-12272.6776944177,"EF-1-alpha-1","1915","P68104"
"UB2V1_11626.7","~ Study_group + Age + Prednisone + Aspirin",0.00227478656175349,0.999705357513807,-0.669515902962745,-1870.36663763147,"UB2V1","387522","Q13404"
"RAB5C_14287.6","~ Study_group + Age + Prednisone + Aspirin",0.00227714279108803,0.999705357513807,-0.660155387625393,-9496.96344060944,"RAB5C","5878","P51148"
"SH3G3_18318.98","~ Study_group + Prednisone + Aspirin",0.00237239867380764,0.999705357513807,-1.22840228648795,-11656.8035579196,"SH3G3","6457","Q99963"
"CACP_12637.7","~ Study_group + Prednisone + Aspirin",0.00239113986177796,0.999705357513807,-1.33619954454772,-2589.87221946414,"CACP","1384","P43155"
"BAD_5870.23","~ Study_group + Age + Prednisone + Aspirin",0.00242900570109615,0.999705357513807,-0.899566335995918,-2293.76687653553,"BAD","572","Q92934"
"SYYC_19270.26","~ Study_group + Prednisone + Aspirin",0.00245111616962155,0.999705357513807,-1.06008487074569,-17995.3815275808,"SYYC","8565","P54577"
"Phosphomannomutase.2_17794.6","~ Study_group + Prednisone + Aspirin",0.00247826542863733,0.999705357513807,-1.2354649947266,-7103.21023364855,"Phosphomannomutase 2","5373","O15305"
"PTPA_24717.26","~ Study_group + Age + Prednisone + Aspirin",0.00249446451182258,0.999705357513807,-0.628441924764843,-5295.38540923928,"PTPA","5524","Q15257"
"AP2A2_13621.31","~ Study_group + Prednisone + Methotrexate + Aspirin",0.00250589585884219,0.999705357513807,-0.664555070989219,-9477.84854830484,"AP2A2","161","O94973"
"ANXA7_14203.3","~ Study_group + Age + Prednisone + Aspirin",0.00254604694756305,0.999705357513807,-0.751773316423479,-34630.0355525609,"ANXA7","310","P20073"
"SYDM_12395.86","~ Study_group + Prednisone + Aspirin",0.00255632110400536,0.999705357513807,-1.31966191972782,-14181.6139901497,"SYDM","55157","Q6PI48"
"GDE5_12786.61","~ Study_group + Prednisone",0.00256914256150504,0.999705357513807,-0.650481580896002,-350.507037037037,"GDE5","56261","Q9NPB8"
"X41_4706.17","~ Study_group + Age + Prednisone + Aspirin",0.00257176982477765,0.999705357513807,-0.747020940964023,-3501.58890871497,"41","2035","P11171"
"MP2K3_6151.18","~ Study_group",0.00258221493308467,0.999705357513807,-0.229351691943547,-168.361962962964,"MP2K3","5606","P46734"
"ZADH2_17345.12","~ Study_group + Age + Prednisone + Methotrexate + Aspirin",0.00260713313629601,0.999705357513807,-1.41530829335877,-5105.53504784659,"ZADH2","284273","Q8N4Q0"
"RT4I1_18180.58","~ Study_group + Age + Prednisone + Methotrexate + Aspirin",0.00261516587606225,0.999705357513807,-1.20351993157139,-1181.11652896349,"RT4I1","84816","Q8WWV3"
"PAK4_13719.19","~ Study_group + Age + Prednisone + Aspirin",0.00262673151570036,0.999705357513807,-1.10868167650288,-3468.51579072646,"PAK4","10298","O96013"
"DOK2_14246.50","~ Study_group + Prednisone + Methotrexate + Aspirin",0.00266714981396297,0.999705357513807,-1.39329765011544,-2639.77974604265,"DOK2","9046","O60496"
"PPM1F_23923.26","~ Study_group + Age + Prednisone + Aspirin",0.00268977058486458,0.999705357513807,-1.19970558789527,-3109.86108313153,"PPM1F","9647","P49593"
"AP4M1_10076.1","~ Study_group + Prednisone + Methotrexate + Aspirin",0.0027035072307454,0.999705357513807,-0.66930185489361,-749.917950255173,"AP4M1","9179","O00189"
"PAK6_3827.22","~ Study_group + Prednisone",0.00270619768220296,0.999705357513807,-1.34995352750126,-3230.11048148148,"PAK6","106821730","Q9NQU5"
"GSK.3.beta_24050.26","~ Study_group + Age + Prednisone + Aspirin",0.00274012098160206,0.999705357513807,-1.30128844943966,-4127.2887410131,"GSK-3 beta","2932","P49841"
"IMPCT_20463.315","~ Study_group + Age + Prednisone + Aspirin",0.00275270046481479,0.999705357513807,-1.14864320100953,-1608.94625302441,"IMPCT","55364","Q9P2X3"
"DNJB4_18884.22","~ Study_group + Prednisone + Methotrexate + Aspirin",0.00276642832161558,0.999705357513807,-0.701848727518256,-1359.22299799779,"DNJB4","11080","Q9UDY4"
"Aldose.reductase.like.C3_17377.1","~ Study_group + Prednisone + Aspirin",0.0027873824580373,0.999705357513807,-0.342813498181265,-210.94993498818,"Aldose reductase-like C3","8644","P42330"
"MTD2L_24454.27","~ Study_group + Age + Prednisone + Aspirin",0.00279767410907432,0.999705357513807,-0.991698180546807,-552.193357223285,"MTD2L","441024","Q9H903"
"ERK.1_2855.49","~ Study_group + Prednisone + Aspirin",0.00280382441477608,0.999705357513807,-0.861678526485259,-7439.84229787232,"ERK-1","5595","P27361"
"SUGT1_17818.22","~ Study_group + Age + Prednisone + Aspirin",0.00290159323466383,0.999705357513807,-0.655821077288976,-12445.261581056,"SUGT1","10910","Q9Y2Z0"
"Calpain.I_2668.70","~ Study_group + Age + Prednisone + Aspirin",0.00294386304046511,0.999705357513807,-0.757886122561481,-26171.4465451288,"Calpain I","823|826","P07384|P04632"
"HEM4_11248.43","~ Study_group",0.00294668331737157,0.999705357513807,-0.444495769568586,-506.377166666665,"HEM4","7390","P10746"
"RFIP3_25500.6","~ Study_group + Prednisone + Aspirin",0.00296078142314992,0.999705357513807,-1.53069435012438,-2197.03796020488,"RFIP3","9727","O75154"
"UBE2N.UB2V1.Complex_21747.8","~ Study_group + Age + Prednisone + Aspirin",0.00299928239427076,0.999705357513807,-0.896503497599823,-1750.4317198365,"UBE2N/UB2V1 Complex","7334|387522","P61088|Q13404"
"UBP22_21757.49","~ Study_group + Prednisone",0.00304645870484518,0.999705357513807,-1.00230643840552,-645.326203703704,"UBP22","23326","Q9UPT9"
"DECR_12687.2","~ Study_group + Prednisone + Methotrexate + Aspirin",0.00305835344665198,0.999705357513807,-1.28647329776968,-12866.0310352511,"DECR","1666","Q16698"
"GATM_18188.12","~ Study_group + Prednisone + Aspirin",0.00306126313162902,0.999705357513807,-1.07460374157855,-7278.15959968479,"GATM","2628","P50440"
"RAB6A_20083.1","~ Study_group + Age + Prednisone + Aspirin",0.00306214757083821,0.999705357513807,-1.38928542723137,-4410.36782995932,"RAB6A","5870","P20340"
"FER_4220.39","~ Study_group + Prednisone + Methotrexate + Aspirin",0.0031412073684256,0.999705357513807,-1.71521161203417,-1455.46378912447,"FER","2241","P16591"
"PI42B_23006.19","~ Study_group + Age + Prednisone + Aspirin",0.00316285413061041,0.999705357513807,-1.08784033896832,-934.209062573704,"PI42B","8396","P78356"
"SH3G2_20139.57","~ Study_group + Prednisone + Aspirin",0.00320439088144815,0.999705357513807,-1.30999508900655,-4391.82350551616,"SH3G2","6456","Q99962"
"Fatty.acid.synthase_8403.18","~ Study_group + Prednisone + Methotrexate",0.00320591439516794,0.999705357513807,-1.02942267281317,-1548.18282322199,"Fatty acid synthase","2194","P49327"
"ACO13_17675.17","~ Study_group + Prednisone + Aspirin",0.00329041211357991,0.999705357513807,-1.20098988361173,-15844.5461520883,"ACO13","55856","Q9NPJ3"
"ODP2_20185.44","~ Study_group",0.00339662363340999,0.999705357513807,-0.350814141015026,-184.805796296296,"ODP2","1737","P10515"
"FGF.6_4130.71","~ Study_group + Age + Prednisone + Aspirin",0.00341253530726285,0.999705357513807,-0.636856018237483,-172.097878123225,"FGF-6","2251","P10767"
"VEGF.C_3132.1","~ Study_group + Prednisone + Aspirin",0.0034560369252603,0.999705357513807,-0.404483336524594,-252.676123719464,"VEGF-C","7424","P49767"
"UCHL5_17405.2","~ Study_group + Prednisone",0.00348715515588871,0.999705357513807,-0.680953018419016,-724.655191358025,"UCHL5","51377","Q9Y5K5"
"KGUA_17325.10","~ Study_group + Age + Prednisone + Aspirin",0.00351106984697098,0.999705357513807,-0.474619577195079,-4526.90468552458,"KGUA","2987","Q16774"
"TCP.1.epsilon_12569.25","~ Study_group + Prednisone + Aspirin",0.00357242406727613,0.999705357513807,-1.10699890578012,-15382.4076300236,"TCP-1-epsilon","22948","P48643"
"LONM_6398.12","~ Study_group + Age + Prednisone + Methotrexate + Aspirin",0.00359500487285308,0.999705357513807,-1.01686005528208,-844.86723319772,"LONM","9361","P36776"
"CRKL_9877.28","~ Study_group + Prednisone + Aspirin",0.00360492146940025,0.999705357513807,-1.13395380362749,-2827.21237037037,"CRKL","1399","P46109"
"FNBP2_25091.83","~ Study_group + Prednisone + Methotrexate + Aspirin",0.00363561840690432,0.999705357513807,-0.4055742878171,-328.311189235396,"FNBP2","23380","O75044"
"GUAA_18184.28","~ Study_group + Age + Prednisone + Aspirin",0.00368383875244932,0.999705357513807,-1.04767424482638,-6038.76036191627,"GUAA","8833","P49915"
"PAPOG_8343.224","~ Study_group + Prednisone + Aspirin",0.0037547861028922,0.999705357513807,-1.23239761414233,-662.992262017336,"PAPOG","64895","Q9BWT3"
"CK2.A1.B_5225.50","~ Study_group + Age + Prednisone + Aspirin",0.00375813978246323,0.999705357513807,-0.909611996348329,-7029.90578093253,"CK2-A1:B","1457|1460","P68400|P67870"
"Transketolase_4306.4","~ Study_group + Age + Prednisone + Aspirin",0.00377218692628155,0.999705357513807,-0.635107319047125,-17619.845738962,"Transketolase","7086","P29401"
"UBE2N.UBE2V2.Complex_21756.5","~ Study_group + Age + Prednisone + Aspirin",0.00377453721911422,0.999705357513807,-0.714436852555321,-4980.21760372892,"UBE2N/UBE2V2 Complex","7334|7336","P61088|Q15819"
"ADK_19207.119","~ Study_group + Prednisone + Aspirin",0.00379934674923896,0.999705357513807,-0.555723132810732,-462.090968479117,"ADK","132","P55263"
"ULA1_18177.49","~ Study_group",0.00380177542739498,0.999705357513807,-0.17379609336061,-147.309666666668,"ULA1","8883","Q13564"
"PDE5A_16805.5","~ Study_group + Prednisone + Methotrexate + Aspirin",0.00381928961857329,0.999705357513807,-1.09900418443039,-28261.0189703205,"PDE5A","8654","O76074"
"DENR_19287.59","~ Study_group + Age + Prednisone",0.00382510394872641,0.999705357513807,-0.582063021941626,-529.421593392328,"DENR","8562","O43583"
"STAT1_10370.21","~ Study_group + Prednisone",0.00382647338727919,0.999705357513807,-1.15090983557622,-895.563820987655,"STAT1","6772","P42224"
"GRHPR_18295.102","~ Study_group + Age",0.00383279506108514,0.999705357513807,-0.351309338487799,-716.74521114898,"GRHPR","9380","Q9UBQ7"
"CHM2A_17728.61","~ Study_group + Age + Prednisone + Aspirin",0.00387056571707409,0.999705357513807,-1.10344284480329,-4289.88529177351,"CHM2A","27243","O43633"
"EFHA1_6226.69","~ Study_group + Prednisone + Methotrexate + Aspirin",0.0039534661326544,0.999705357513807,-1.33266264100593,-2410.44298689788,"EFHA1","221154","Q8IYU8"
"PCLI1_23291.18","~ Study_group + Prednisone",0.0039694467712921,0.999705357513807,-0.71419811853711,-754.07321604938,"PCLI1","55022","Q7Z2X4"
"AP2B1_24938.7","~ Study_group + Prednisone + Methotrexate + Aspirin",0.00402684829977712,0.999705357513807,-1.07555835583274,-3582.40027396926,"AP2B1","163","P63010"
"ACADM_17333.20","~ Study_group + Prednisone",0.00408136187272995,0.999705357513807,-1.32118878663543,-1493.93837654321,"ACADM","34","P11310"
"FHOD1_25115.21","~ Study_group + Prednisone + Aspirin",0.00408492300245891,0.999705357513807,-1.06549329181654,-22796.2862458629,"FHOD1","29109","Q9Y613"
"TBC13_21163.21","~ Study_group + Prednisone + Aspirin",0.00410127872584344,0.999705357513807,-0.971376375981011,-2473.25491607565,"TBC13","54662","Q9NVG8"
"ASPC1_25085.37","~ Study_group + Age + Prednisone + Aspirin",0.00411518531719332,0.999705357513807,-0.741700924739889,-2515.53218239395,"ASPC1","79058","Q9BZE9"
"CISY_18309.18","~ Study_group + Prednisone + Aspirin",0.00420352019076788,0.999705357513807,-1.03760856261737,-39773.1307565012,"CISY","1431","O75390"
"DTD2_18280.29","~ Study_group + Age + Prednisone + Aspirin",0.00421098164822708,0.999705357513807,-0.72653510866647,-1216.76443726128,"DTD2","112487","Q96FN9"
"SPG21_11122.97","~ Study_group + Prednisone",0.00423709260625991,0.999705357513807,-0.905038311445163,-1050.56724691358,"SPG21","51324","Q9NZD8"
"MICA1_25070.18","~ Study_group + Prednisone + Aspirin",0.00428061339920684,0.999705357513807,-1.11832003836651,-3002.95084948778,"MICA1","64780","Q8TDZ2"
"HDGF_8953.47","~ Study_group",0.00431073550778211,0.999705357513807,-0.305050309750028,-191.252944444445,"HDGF","3068","P51858"
"RAB32_17778.19","~ Study_group + Prednisone + Aspirin",0.00434333936042028,0.999705357513807,-1.42388572903233,-7299.2592395587,"RAB32","10981","Q13637"
"K0174_12434.25","~ Study_group + Age + Prednisone + Aspirin",0.00438973106374197,0.999705357513807,-0.847954575123292,-2859.8892007405,"K0174","9798","P53990"
"GCST_21240.6","~ Study_group + Prednisone",0.00440295925789624,0.999705357513807,-1.05554187537878,-3671.4534691358,"GCST","275","P48728"
"Triosephosphate.isomerase_4309.59","~ Study_group + Age + Prednisone + Aspirin",0.00441580191032423,0.999705357513807,-0.795455490864419,-6585.04305810914,"Triosephosphate isomerase","7167","P60174"
"EDAR_2977.7","~ Study_group + Prednisone",0.00447833998935625,0.999705357513807,-0.827929191071887,-680.531283950617,"EDAR","10913","Q9UNE0"
"INP4B_24427.33","~ Study_group",0.0045355240059134,0.999705357513807,-0.349976764219741,-353.155074074073,"INP4B","8821","O15327"
"PNP_15435.4","~ Study_group + Age + Prednisone + Aspirin",0.00458561842923523,0.999705357513807,-0.892295179701636,-3131.1082966877,"PNP","4860","P00491"
"CPTP_20385.21","~ Study_group + Prednisone",0.00460303118945946,0.999705357513807,-0.544712631712471,-450.432537037036,"CPTP","80772","Q5TA50"
"MITF_22383.21","~ Study_group + Prednisone + Methotrexate + Aspirin",0.00460306660398774,0.999705357513807,-1.1310329936648,-350.289841616929,"MITF","4286","O75030"
"MYCBP_19250.50","~ Study_group + Prednisone + Aspirin",0.00460890190135162,0.999705357513807,-1.01588168207303,-13329.0350212766,"MYCBP","26292","Q99417"
"UBE3A_11226.16","~ Study_group + Prednisone + Methotrexate + Aspirin",0.00462280862987449,0.999705357513807,-0.626292594362009,-1676.33385843599,"UBE3A","7337","Q05086"
"Malate.dehydrogenase.2_15534.26","~ Study_group + Age + Prednisone + Aspirin",0.00463590640750323,0.999705357513807,-1.06697697966836,-35975.416987766,"Malate dehydrogenase 2","4191","P40926"
"LIMD1_25280.2","~ Study_group + Prednisone + Aspirin",0.00469046269460553,0.999705357513807,-0.97064472658542,-3233.64990780142,"LIMD1","8994","Q9UGP4"
"CA080_17347.80","~ Study_group + Age + Prednisone + Aspirin",0.00471577761729621,0.999705357513807,-0.458364744246604,-9226.41786056913,"CA080","64853","Q96BJ3"
"UBA6_25284.47","~ Study_group + Prednisone + Aspirin",0.00472721259717654,0.999705357513807,-1.02107812683662,-8239.62327029156,"UBA6","55236","A0AVT1"
"ATE1_25108.6","~ Study_group + Age + Prednisone",0.0047543668292069,0.999705357513807,-1.06028892407398,-4657.60071586963,"ATE1","11101","O95260"
"N42L2_22504.3","~ Study_group + Prednisone + Methotrexate + Aspirin",0.00475845408149933,0.999705357513807,-0.915333357925578,-443.104032063317,"N42L2","10443","Q92802"
"HNRPF_9764.79","~ Study_group + Prednisone + Methotrexate",0.00478015177620792,0.999705357513807,-0.408447480622121,-7137.89302090437,"HNRPF","3185","P52597"
"Livin.B_15504.39","~ Study_group + Smoking",0.00485048733027183,0.999705357513807,-0.0373693204643183,96.0267867793473,"Livin B","79444","Q96CA5"
"PKHA3_23392.41","~ Study_group + Age + Prednisone + Aspirin",0.00490035080928603,0.999705357513807,-0.839021017433735,-528.923022035329,"PKHA3","65977","Q9HB20"
"K0152_6285.71","~ Study_group + Age + Prednisone + Aspirin",0.00498815963233241,0.999705357513807,-0.81044195113281,-4889.56771796956,"K0152","9761","Q14165"
"PPM1B_22009.1","~ Study_group + Age + Prednisone",0.00500013482670955,0.999705357513807,-0.53624670153203,-347.896977870536,"PPM1B","5495","O75688"
"BAP18_21153.5","~ Study_group + Prednisone + Aspirin",0.00502949220107657,0.999705357513807,-1.14711611713178,-9463.23373404252,"BAP18","124944","Q8IXM2"
"DRG1_17849.6","~ Study_group + Prednisone",0.00504941721105256,0.999705357513807,-1.1226857429692,-981.065493827162,"DRG1","4733","Q9Y295"
"SF3B4_13449.25","~ Study_group",0.00506347516619354,0.999705357513807,-0.143208671240544,-35.5609074074074,"SF3B4","10262","Q15427"
"MK01_3115.64","~ Study_group + Prednisone + Aspirin",0.00508429217515526,0.999705357513807,-0.952514685202147,-1496.8269858156,"MK01","5594","P28482"
"NKp44_2734.49","~ Study_group + Prednisone",0.00513923093131492,0.999705357513807,-0.222502906639356,-67.2977037037036,"NKp44","9436","O95944"
"RABL6_25276.32","~ Study_group + Prednisone + Aspirin",0.00518107739513448,0.999705357513807,-0.700615182570023,-1741.92339795114,"RABL6","55684","Q3YEC7"
"Peroxiredoxin.3_8358.30","~ Study_group + Prednisone + Methotrexate + Aspirin",0.00519998467158537,0.999705357513807,-1.06033327266165,-6360.03665695329,"Peroxiredoxin-3","10935","P30048"
"PPIL1_9884.8","~ Study_group + Prednisone + Methotrexate + Aspirin",0.00524763348144307,0.999705357513807,-0.835565917620223,-102.498277612411,"PPIL1","51645","Q9Y3C6"
"Hemoglobin_4915.64","~ Study_group",0.00529499404388128,0.999705357513807,-2.25495286948225,-1423.98709259259,"Hemoglobin","3039|3043","P69905|P68871"
"RET2_19803.34","~ Study_group + Age",0.00530413719828232,0.999705357513807,-0.675616923387734,-1041.87160581875,"RET2","5948","P50120"
"GLO2_19267.14","~ Study_group + Prednisone + Aspirin",0.00532240135674505,0.999705357513807,-0.601168555524073,-10612.3287943262,"GLO2","3029","Q16775"
"ODO2_23699.61","~ Study_group + Prednisone",0.00536917545185518,0.999705357513807,-0.291045182059458,-92.2119197530863,"ODO2","1743","P36957"
"PKB_2867.52","~ Study_group + Age + Prednisone + Aspirin",0.00538963584724229,0.999705357513807,-1.09265512037184,-1702.40003852713,"PKB","207","P31749"
"Cyclophilin.F_5248.68","~ Study_group + Prednisone + Aspirin",0.00540380637902064,0.999705357513807,-1.04216078056565,-27510.2131174153,"Cyclophilin F","10105","P30405"
"JNK2_9760.13","~ Study_group + Age + Prednisone",0.00540882128244111,0.999705357513807,-0.779643651925544,-1249.76687146551,"JNK2","5601","P45984"
"HCDH_17739.1","~ Study_group + Prednisone + Aspirin",0.00541334832633827,0.999705357513807,-1.17436637753273,-14814.4905894405,"HCDH","3033","Q16836"
"ORN_13590.1","~ Study_group + Age + Prednisone + Aspirin",0.00546697925880792,0.999705357513807,-0.615134727001191,-953.869230324463,"ORN","25996","Q9Y3B8"
"FA45A_23535.3","~ Study_group + Prednisone + Aspirin",0.00563958318060865,0.999705357513807,-0.980362471838889,-5097.63372104019,"FA45A","404636","Q8TCE6"
"CYH3_21365.5","~ Study_group + Prednisone + Methotrexate + Aspirin",0.00565528934318726,0.999705357513807,-1.3049625327896,-353.082186271517,"CYH3","9265","O43739"
"VCIP1_23187.9","~ Study_group + Prednisone + Methotrexate + Aspirin",0.00567823193326634,0.999705357513807,-1.14085155979958,-1527.38436504811,"VCIP1","80124","Q96JH7"
"NT5M_17856.23","~ Study_group + Prednisone + Methotrexate + Aspirin",0.00569108714571585,0.999705357513807,-1.25501769731142,-1288.4940296108,"NT5M","56953","Q9NPB1"
"TBC20_23687.27","~ Study_group + Prednisone + Aspirin",0.00572262913700154,0.999705357513807,-1.0116331840976,-1474.1543356974,"TBC20","128637","Q96BZ9"
"PCBP2_23363.41","~ Study_group + Prednisone + Aspirin",0.0057422711979028,0.999705357513807,-1.20906717630109,-8607.33703467298,"PCBP2","5094","Q15366"
"UBP14_19189.2","~ Study_group + Age + Prednisone + Aspirin",0.0057607200002675,0.999705357513807,-0.554631024472441,-13169.6844691684,"UBP14","9097","P54578"
"TBPL1_18434.141","~ Study_group + Smoking + Prednisone",0.00580629370515828,0.999705357513807,-0.567494656695957,-213.690296984291,"TBPL1","9519","P62380"
"BPHL_17813.21","~ Study_group",0.00583970275150006,0.999705357513807,-0.175651533847134,-74.0581481481481,"BPHL","670","Q86WA6"
"WASP_22033.32","~ Study_group + Prednisone + Aspirin",0.00584494811371195,0.999705357513807,-0.815096415730105,-6131.30284081954,"WASP","7454","P42768"
"UBCP1_19124.9","~ Study_group + Methotrexate",0.00587595837885369,0.999705357513807,-0.508954040340113,-1292.60927777778,"UBCP1","134510","Q8WVY7"
"tollip_13963.7","~ Study_group + Prednisone + Methotrexate + Aspirin",0.00588209286318581,0.999705357513807,-1.07888151649202,-12706.6973441661,"tollip","54472","Q9H0E2"
"Sphingosine.kinase.1_4294.16","~ Study_group + Age + Prednisone + Aspirin",0.00590863894754189,0.999705357513807,-1.24433536395965,-4457.74248308516,"Sphingosine kinase 1","8877","Q9NYA1"
"IMB1_3887.90","~ Study_group + Age + Prednisone + Aspirin",0.00596179647472571,0.999705357513807,-0.875928896220155,-11916.938210388,"IMB1","3837","Q14974"
"DPYL3_12707.26","~ Study_group + Age + Prednisone",0.00596863999261202,0.999705357513807,-0.53052449570176,-541.893416336216,"DPYL3","1809","Q14195"
"NTF.2_19219.71","~ Study_group + Aspirin",0.00601361345460082,0.999705357513807,-0.226259318776635,-368.208052910053,"NTF-2","10204","P61970"
"F118B_23350.66","~ Study_group + Prednisone + Aspirin",0.00603628164666427,0.999705357513807,-1.1982267341036,-667.815955870765,"F118B","79607","Q9BPY3"
"kallikrein.15_6491.59","~ Study_group + Prednisone",0.0061267714932052,0.999705357513807,-0.238394794765776,-156.215654320987,"kallikrein 15","55554","Q9H2R5"
"JNK2_15604.18","~ Study_group + Prednisone + Methotrexate + Aspirin",0.00623929328285367,0.999705357513807,-0.464406180858032,-1536.81285315189,"JNK2","5601","P45984"
"FXR1_13076.4","~ Study_group",0.00624769557690986,0.999705357513807,-0.522704635519689,-905.536481481481,"FXR1","8087","P51114"
"BOLA1_15370.5","~ Study_group + Prednisone",0.00630679383566156,0.999705357513807,-0.540060221174809,-418.098388888888,"BOLA1","51027","Q9Y3E2"
"KEAP1_12568.14","~ Study_group",0.00633872306625027,0.999705357513807,-0.190949752663214,-11.5705740740741,"KEAP1","9817","Q14145"
"acyl.Coenzyme.A.dehydrogenase_17403.14","~ Study_group + Prednisone",0.00634088095837584,0.999705357513807,-0.648297362461422,-764.053895061729,"acyl-Coenzyme A dehydrogenase","36","P45954"
"COX19_23575.58","~ Study_group + Age + Prednisone + Aspirin",0.00636706538422925,0.999705357513807,-1.10738821312133,-3249.89513965398,"COX19","90639","Q49B96"
"PK3C3_25947.116","~ Study_group",0.00642267479142602,0.999705357513807,-0.389844331860293,-184.473092592593,"PK3C3","5289","Q8NEB9"
"TEFF1_15641.20","~ Study_group",0.00643082431829567,0.999705357513807,-0.161215399247316,-105.494574074074,"TEFF1","100526694","Q8IYR6"
"LIN7B_15612.5","~ Study_group + Prednisone + Methotrexate + Aspirin",0.00646206372172164,0.999705357513807,-0.858620720379938,-339.939736174078,"LIN7B","64130","Q9HAP6"
"TRIM3_12573.80","~ Study_group + Age + Prednisone + Methotrexate + Aspirin",0.00648742057570629,0.999705357513807,-1.17720662036744,-694.900397967107,"TRIM3","10612","O75382"
"MTDC_18321.38","~ Study_group + Prednisone + Methotrexate + Aspirin",0.00650488737755749,0.999705357513807,-1.41083075784725,-866.695364592716,"MTDC","10797","P13995"
"VEGF.sR1_8231.122","~ Study_group",0.00656995502793412,0.999705357513807,-0.395755809520203,-94.5840555555556,"VEGF sR1","2321","P17948"
"SAMN1_21196.29","~ Study_group + Prednisone + Aspirin",0.00658934006546001,0.999705357513807,-0.647135562645787,-298.297368006304,"SAMN1","64092","Q9NSI8"
"G6PD_19297.4","~ Study_group + Age + Prednisone",0.00659445821891493,0.999705357513807,-0.987241232210825,-7498.77608905663,"G6PD","2539","P11413"
"PKHO2_25488.6","~ Study_group + Prednisone",0.00662199300376375,0.999705357513807,-0.488563170310681,-870.457395061729,"PKHO2","80301","Q8TD55"
"RhoGDI_16810.3","~ Study_group + Age + Prednisone + Aspirin",0.00670035263984523,0.999705357513807,-0.511641801534075,-1885.18364148227,"RhoGDI","2664","P31150"
"prostatic.binding.protein_4276.10","~ Study_group + Age + Prednisone + Aspirin",0.00679309058920152,0.999705357513807,-0.630706046175263,-1553.78747400923,"prostatic binding protein","5037","P30086"
"OBF1_21839.3","~ Study_group + Age + Prednisone + Methotrexate + Aspirin",0.00682396814939853,0.999705357513807,-1.36588965684012,-1019.41260366966,"OBF1","5450","Q16633"
"Bcl.2_3412.7","~ Study_group",0.00683863383740568,0.999705357513807,-0.230068254011554,-150.420981481481,"Bcl-2","596","P10415"
"LRSM1_24411.144","~ Study_group + Prednisone + Methotrexate + Aspirin",0.00684191584092573,0.999705357513807,-0.823868958550422,-1547.82705607964,"LRSM1","90678","Q6UWE0"
"EGF.ECD_5509.7","~ Study_group + Age + Prednisone + Methotrexate + Aspirin",0.0068698913962818,0.999705357513807,-0.934384642910367,-579.122380246186,"EGF:ECD","1950","P01133"
"Neddylin_21445.40","~ Study_group + Prednisone + Aspirin",0.00690916077417732,0.999705357513807,-0.601671072235256,-5889.65313947991,"Neddylin","4738","Q15843"
"VPS4A_11476.43","~ Study_group + Age + Prednisone + Aspirin",0.00694303148412629,0.999705357513807,-0.856262957532834,-2240.90420134573,"VPS4A","27183","Q9UN37"
"EIF1A_13545.97","~ Study_group + Prednisone",0.0069669820315639,0.999705357513807,-0.622746693892353,-394.948166666667,"EIF1A","84285","Q8N9N8"
"UBP8_13450.49","~ Study_group + Prednisone + Aspirin",0.00697686099644904,0.999705357513807,-1.0751326666747,-3775.06327107958,"UBP8","9101","P40818"
"EHD4_11421.10","~ Study_group + Prednisone + Aspirin",0.007024454890411,0.999705357513807,-0.706356966262049,-1587.34858707644,"EHD4","30844","Q9H223"
"RNF41_13411.21","~ Study_group + Prednisone + Aspirin",0.00708323248338919,0.999705357513807,-0.476295436082656,-289.373922379827,"RNF41","10193","Q9H4P4"
"UBE2K_17380.2","~ Study_group + Age + Prednisone + Aspirin",0.00709620356856669,0.999705357513807,-0.411855658392169,-9205.66632926569,"UBE2K","3093","P61086"
"PUR9_23666.35","~ Study_group + Age + Prednisone + Aspirin",0.00712394713092603,0.999705357513807,-0.833489362377937,-1991.91076943488,"PUR9","471","P31939"
"HEXI1_15596.7","~ Study_group + Prednisone + Methotrexate + Aspirin",0.00713097115500624,0.999705357513807,-1.21580862101008,-3792.99285494038,"HEXI1","10614","O94992"
"TF2L1_25104.10","~ Study_group + Prednisone + Aspirin",0.00713632275598348,0.999705357513807,-1.21716603851221,-6724.35276122932,"TF2L1","29842","Q9NZI6"
"OTU7B_21742.43","~ Study_group + Prednisone",0.00714492481934139,0.999705357513807,-0.843550623856961,-342.581969135803,"OTU7B","56957","Q6GQQ9"
"Sperm.associated.antigen.7_21289.36","~ Study_group",0.0071969086958809,0.999705357513807,-0.199366684113512,-93.6237962962962,"Sperm-associated antigen 7","9552","O75391"
"AGO1_15312.14","~ Study_group + Prednisone",0.00722545168673999,0.999705357513807,-0.9188660467268,-1861.52590123457,"AGO1","26523","Q9UL18"
"PNP_10039.32","~ Study_group + Age + Prednisone + Aspirin",0.00727973291300049,0.999705357513807,-0.939366042639523,-2785.88570417849,"PNP","4860","P00491"
"annexin.IV_17164.15","~ Study_group + Prednisone",0.00728223810533798,0.999705357513807,-0.825413528886821,-1087.39474691358,"annexin IV","307","P09525"
"M4K5_21989.12","~ Study_group + Prednisone + Methotrexate + Aspirin",0.00733016848203207,0.999705357513807,-1.36754725701388,-5256.34128712481,"M4K5","11183","Q9Y4K4"
"DYL2_11493.169","~ Study_group + Age + Prednisone + Aspirin",0.0073566153629554,0.999705357513807,-0.969170860820702,-7278.9487501483,"DYL2","140735","Q96FJ2"
"TBCEL_21162.30","~ Study_group + Age + Prednisone + Aspirin",0.00737679466330316,0.999705357513807,-0.567429774102294,-5299.9758930772,"TBCEL","219899","Q5QJ74"
"GGA1_13594.158","~ Study_group + Prednisone + Aspirin",0.0074676598586474,0.999705357513807,-0.768396134574288,-10176.5239259259,"GGA1","26088","Q9UJY5"
"NP1L1_13636.20","~ Study_group + Prednisone + Aspirin",0.00752949670325249,0.999705357513807,-0.960286066793322,-19125.215676911,"NP1L1","4673","P55209"
"OXSM_18271.43","~ Study_group + Prednisone",0.0075454023943588,0.999705357513807,-1.08418411472235,-1611.12825308642,"OXSM","54995","Q9NWU1"
"ABR_21958.4","~ Study_group + Prednisone",0.0075658754723629,0.999705357513807,-0.597368600401395,-1629.20909876543,"ABR","29","Q12979"
"PSMD6_23672.10","~ Study_group + Prednisone",0.00759745965819357,0.999705357513807,-0.377356487625928,-575.751197530866,"PSMD6","9861","Q15008"
"KHDR2_23395.5","~ Study_group + Prednisone + Methotrexate",0.00768376646017664,0.999705357513807,-0.913942752193268,-268.914500681663,"KHDR2","202559","Q5VWX1"
"PLACL_7106.37","~ Study_group + Prednisone + Aspirin",0.00771889903829436,0.999705357513807,-0.237279647442525,-101.055946808511,"PLACL","219990","Q86WS3"
"SIAH1_21858.25","~ Study_group + Age + Prednisone",0.00775233256765384,0.999705357513807,-0.490086893439086,-379.046398949852,"SIAH1","6477","Q8IUQ4"
"cPLA2.alpha_21430.4","~ Study_group + Prednisone",0.00775793646924632,0.999705357513807,-0.942064871306762,-2287.73241975309,"cPLA2-alpha","5321","P47712"
"RAB13_19282.3","~ Study_group",0.00778056510860574,0.999705357513807,-0.458516098857139,-780.289611111113,"RAB13","5872","P51153"
"Fragile.histidine.triad.protein_9826.135","~ Study_group + Prednisone + Aspirin",0.0077873791358963,0.999705357513807,-1.00220626628157,-1190.68817100079,"Fragile histidine triad protein","2272","P49789"
"MAOM_25042.3","~ Study_group + Prednisone + Methotrexate + Aspirin",0.00787736183340674,0.999705357513807,-1.08912276412348,-57643.0847249113,"MAOM","4200","P23368"
"ARRB1_12643.4","~ Study_group + Age + Prednisone + Aspirin",0.00788157547273902,0.999705357513807,-1.18394245211686,-11249.259206644,"ARRB1","408","P49407"
"DRG.1_4209.60","~ Study_group + Age + Prednisone + Aspirin",0.0078900960405094,0.999705357513807,-0.919053523144043,-14781.7315834392,"DRG-1","51534","Q9NP79"
"VAPA_7167.102","~ Study_group + Prednisone + Methotrexate + Aspirin",0.00789940417785778,0.999705357513807,-1.26583053656708,-30960.9005634219,"VAPA","9218","Q9P0L0"
"CD2AP_21961.14","~ Study_group + Age + Prednisone + Aspirin",0.00795500130829673,0.999705357513807,-1.21349521362687,-1157.12214390304,"CD2AP","23607","Q9Y5K6"
"DP13A_12825.18","~ Study_group",0.00797184130577664,0.999705357513807,-0.242078448287041,-66.1725555555555,"DP13A","26060","Q9UKG1"
"AVEN_24678.10","~ Study_group + Prednisone + Methotrexate + Aspirin",0.00797756659770235,0.999705357513807,-0.708287341955592,-281.844304048176,"AVEN","57099","Q9NQS1"
"IF5A2_11355.10","~ Study_group + Prednisone + Aspirin",0.00800459703617614,0.999705357513807,-1.17849359620863,-2176.48720685579,"IF5A2","56648","Q9GZV4"
"ZDHC4_22834.21","~ Study_group + Age + Prednisone + Aspirin",0.00801831519385164,0.999705357513807,-0.426650037479686,-307.620346638963,"ZDHC4","55146","Q9NPG8"
"NDEL1_23545.6","~ Study_group",0.00807358943845871,0.999705357513807,-0.250959969239416,-413.829981481482,"NDEL1","81565","Q9GZM8"
"DLGP4_24436.23","~ Study_group + Prednisone + Aspirin",0.00807448067269696,0.999705357513807,-1.10636002515917,-6879.70916351455,"DLGP4","22839","Q9Y2H0"
"TOIP1.Perinuclear_10606.34","~ Study_group + Prednisone",0.00811777618898096,0.999705357513807,-0.370374034120356,-1454.04320987654,"TOIP1:Perinuclear","26092","Q5JTV8"
"Thrombopoietin.Receptor_3473.78","~ Study_group + Age + Prednisone",0.00822046754143557,0.999705357513807,-0.616126375703004,-140.411660850693,"Thrombopoietin Receptor","4352","P40238"
"ABC3G_13930.3","~ Study_group + Prednisone",0.00824901844321453,0.999705357513807,-1.01172274517431,-1526.43656790123,"ABC3G","60489","Q9HC16"
"FMR1_7713.50","~ Study_group + Prednisone",0.00834632236163294,0.999705357513807,-0.492116245916842,-145.987481481481,"FMR1","2332","Q06787"
"COMD9_17683.2","~ Study_group + Prednisone + Methotrexate",0.00834782325623318,0.999705357513807,-0.845748931150392,-814.276476709839,"COMD9","29099","Q9P000"
"NDUB6_23287.109","~ Study_group",0.00840150513470216,0.999705357513807,-0.322153579609788,-797.746055555556,"NDUB6","4712","O95139"
"DPH7_25235.2","~ Study_group + Prednisone",0.00847981785687356,0.999705357513807,-0.59276478803585,-561.18013580247,"DPH7","92715","Q9BTV6"
"IKK.gamma_21976.4","~ Study_group + Prednisone + Aspirin",0.0085136529613998,0.999705357513807,-1.42699771273757,-1710.74714184397,"IKK-gamma","8517","Q9Y6K9"
"PNPT1_21378.7","~ Study_group + Prednisone + Aspirin",0.0085421732682152,0.999705357513807,-1.22950294650295,-4759.96791095352,"PNPT1","87178","Q8TCS8"
"NHEJ1_11351.233","~ Study_group",0.00863357940110479,0.999705357513807,-0.345642207233785,-89.0368148148148,"NHEJ1","79840","Q9H9Q4"
"NIT2_17808.37","~ Study_group + Age + Prednisone",0.00867498467925717,0.999705357513807,-0.937802511987403,-1246.04704185691,"NIT2","56954","Q9NQR4"
"GRAP1_24432.3","~ Study_group + Prednisone + Aspirin",0.00871690338400214,0.999705357513807,-1.20461678012515,-5886.11793538219,"GRAP1","56850","Q4V328"
"DC1L2_25053.1","~ Study_group + Prednisone + Methotrexate",0.00872488708228557,0.999705357513807,-0.964820186910703,-2209.8710840718,"DC1L2","1783","O43237"
"CX04A_24905.22","~ Study_group + Prednisone + Aspirin",0.00875393932569785,0.999705357513807,-0.465583821977245,-161.979862096138,"CX04A","91966","Q8TE69"
"cSHMT_12334.25","~ Study_group + Prednisone",0.00884500957581931,0.999705357513807,-1.10325943955897,-1461.68227777778,"cSHMT","6470","P34896"
"COMDA_23257.14","~ Study_group + Prednisone + Methotrexate + Aspirin",0.00894134570568959,0.999705357513807,-1.02749423848587,-1618.25275479436,"COMDA","51397","Q9Y6G5"
"ADH6_18206.18","~ Study_group + Age + Prednisone",0.00898543935130674,0.999705357513807,-0.981854995290548,-3188.13813334563,"ADH6","130","P28332"
"TIM10_25215.1","~ Study_group + Prednisone",0.00899050773911442,0.999705357513807,-0.843984970053177,-1354.26159259259,"TIM10","26519","P62072"
"SHC1.PID_16043.30","~ Study_group + Age + Prednisone + Methotrexate + Aspirin",0.00902163447066617,0.999705357513807,-0.949837372219599,-3510.17254221056,"SHC1:PID","6464","P29353"
"USO1_13639.101","~ Study_group + Prednisone",0.00907904133942266,0.999705357513807,-1.00458482021836,-699.160141975308,"USO1","8615","O60763"
"IMA4_12698.72","~ Study_group + Age",0.00908050830602636,0.999705357513807,-0.200892766526744,-142.731167808524,"IMA4","3840","O00629"
"Ubiquitin.1_2846.24","~ Study_group + Age + Prednisone + Aspirin",0.00908093607029809,0.999705357513807,-0.523936903384033,-1039.01845275775,"Ubiquitin+1","6233","P62979"
"HGD_9832.33","~ Study_group + Prednisone + Aspirin",0.00917873650567978,0.999705357513807,-0.702406319760029,-607.500685973208,"HGD","3081","Q93099"
"DHPR_11257.1","~ Study_group + Age + Prednisone",0.00921016088506633,0.999705357513807,-0.48573711447603,-1687.05137848008,"DHPR","5860","P09417"
"KDM4C_25298.53","~ Study_group + Prednisone + Methotrexate + Aspirin",0.00925233075233386,0.999705357513807,-1.20265331695447,-3519.10795599212,"KDM4C","23081","Q9H3R0"
"ARHG1_13976.9","~ Study_group + Prednisone",0.00928094952602954,0.999705357513807,-0.642479328408279,-556.877716049383,"ARHG1","9138","Q92888"
"SYTL4.C2.1_9090.9","~ Study_group + Prednisone + Aspirin",0.0093076284500445,0.999705357513807,-1.03392324307389,-35218.7955492514,"SYTL4:C2 1","94121","Q96C24"
"IDH_18338.26","~ Study_group + Prednisone + Methotrexate + Aspirin",0.00949135894017434,0.999705357513807,-1.31202698131841,-21966.7955187882,"IDH","3417","O75874"
"G6B.ECD_7065.1","~ Study_group + Prednisone + Aspirin",0.00961893439719309,0.999705357513807,-0.999823776735891,-11452.1908829787,"G6B:ECD","80739","O95866"
"IF2A_19259.176","~ Study_group + Prednisone + Aspirin",0.00963508737864903,0.999705357513807,-0.80445422865718,-20713.3899810875,"IF2A","1965","P05198"
"SSPN_23275.9","~ Study_group + Age + Prednisone + Aspirin",0.00969749749607132,0.999705357513807,-0.809590062096829,-2764.18363804693,"SSPN","8082","Q14714"
"SMAD1_9838.4","~ Study_group + Prednisone + Aspirin",0.00972021501018845,0.999705357513807,-0.504487478271604,-486.93128684003,"SMAD1","4086","Q15797"
"NLTP.isoform.SCPx_25049.8","~ Study_group + Age + Prednisone + Aspirin",0.00975187739910342,0.999705357513807,-1.01026834042203,-12550.3637285605,"NLTP:isoform SCPx","6342","P22307"
"COX5A_18226.148","~ Study_group + Age + Prednisone + Aspirin",0.00981688673896622,0.999705357513807,-1.06896622592052,-4277.51635934898,"COX5A","9377","P20674"
"OSBP1_25055.56","~ Study_group + Prednisone + Aspirin",0.0098708068362353,0.999705357513807,-1.35344522613726,-2324.62865208826,"OSBP1","5007","P22059"
